Country Name,Country Code,Indicator Name,Indicator Code,1960,1961,1962,1963,1964,1965,1966,1967,1968,1969,1970,1971,1972,1973,1974,1975,1976,1977,1978,1979,1980,1981,1982,1983,1984,1985,1986,1987,1988,1989,1990,1991,1992,1993,1994,1995,1996,1997,1998,1999,2000,2001,2002,2003,2004,2005,2006,2007,2008,2009,2010,2011,2012,2013,2014,2015,2016,2017
Aruba,ABW,Children (0-14) living with HIV,SH.HIV.0014,,,,,,,,,,,,,,,,,,,,,,,,,,,,,,,,,,,,,,,,,,,,,,,,,,,,,,,,,,
Afghanistan,AFG,Children (0-14) living with HIV,SH.HIV.0014,,,,,,,,,,,,,,,,,,,,,,,,,,,,,,,,,,,,,,,,,,,,,,,,,,,,,,,,,,
Angola,AGO,Children (0-14) living with HIV,SH.HIV.0014,,,,,,,,,,,,,,,,,,,,,,,,,,,,,,,620,820,1100,1400,1800,2200,2800,3400,4100,4900,5900,6900,8100,9300,11000,12000,13000,15000,16000,17000,19000,20000,22000,23000,24000,25000,26000,27000
Albania,ALB,Children (0-14) living with HIV,SH.HIV.0014,,,,,,,,,,,,,,,,,,,,,,,,,,,,,,,,,,,,,,,,,,,,,,,,,,,,,,,,,,
Andorra,AND,Children (0-14) living with HIV,SH.HIV.0014,,,,,,,,,,,,,,,,,,,,,,,,,,,,,,,,,,,,,,,,,,,,,,,,,,,,,,,,,,
Arab World,ARB,Children (0-14) living with HIV,SH.HIV.0014,,,,,,,,,,,,,,,,,,,,,,,,,,,,,,,,,,,,,,,,,,,,,,,,,,,,,,,,,,
United Arab Emirates,ARE,Children (0-14) living with HIV,SH.HIV.0014,,,,,,,,,,,,,,,,,,,,,,,,,,,,,,,,,,,,,,,,,,,,,,,,,,,,,,,,,,
Argentina,ARG,Children (0-14) living with HIV,SH.HIV.0014,,,,,,,,,,,,,,,,,,,,,,,,,,,,,,,200,500,500,500,540,600,660,730,810,880,950,1000,1100,1100,1200,1200,1200,1200,1200,1200,1100,1100,1000,990,950,910,880,850
Armenia,ARM,Children (0-14) living with HIV,SH.HIV.0014,,,,,,,,,,,,,,,,,,,,,,,,,,,,,,,,,,,,,,,,,,,,,,,,,,,,,,,,,,
American Samoa,ASM,Children (0-14) living with HIV,SH.HIV.0014,,,,,,,,,,,,,,,,,,,,,,,,,,,,,,,,,,,,,,,,,,,,,,,,,,,,,,,,,,
Antigua and Barbuda,ATG,Children (0-14) living with HIV,SH.HIV.0014,,,,,,,,,,,,,,,,,,,,,,,,,,,,,,,,,,,,,,,,,,,,,,,,,,,,,,,,,,
Australia,AUS,Children (0-14) living with HIV,SH.HIV.0014,,,,,,,,,,,,,,,,,,,,,,,,,,,,,,,,,,,,,,,,,,,,,,,,,,,,,,,,,,
Austria,AUT,Children (0-14) living with HIV,SH.HIV.0014,,,,,,,,,,,,,,,,,,,,,,,,,,,,,,,,,,,,,,,,,,,,,,,,,,,,,,,,,,
Azerbaijan,AZE,Children (0-14) living with HIV,SH.HIV.0014,,,,,,,,,,,,,,,,,,,,,,,,,,,,,,,100,100,100,100,100,100,100,100,100,100,100,100,100,100,100,100,100,100,100,100,100,100,100,100,100,100,100,100
Burundi,BDI,Children (0-14) living with HIV,SH.HIV.0014,,,,,,,,,,,,,,,,,,,,,,,,,,,,,,,3100,4000,5100,6300,7500,8800,10000,11000,12000,13000,14000,15000,15000,15000,15000,15000,15000,15000,14000,13000,13000,12000,12000,11000,11000,9900,9300,8800
Belgium,BEL,Children (0-14) living with HIV,SH.HIV.0014,,,,,,,,,,,,,,,,,,,,,,,,,,,,,,,,,,,,,,,,,,,,,,,,,,,,,,,,,,
Benin,BEN,Children (0-14) living with HIV,SH.HIV.0014,,,,,,,,,,,,,,,,,,,,,,,,,,,,,,,200,500,510,770,1100,1500,2000,2500,3000,3500,4000,4500,5000,5500,5900,6300,6600,6800,6900,7000,7200,7300,7300,7400,7400,7200,6900,6700
Burkina Faso,BFA,Children (0-14) living with HIV,SH.HIV.0014,,,,,,,,,,,,,,,,,,,,,,,,,,,,,,,7300,8900,11000,12000,14000,15000,17000,18000,19000,20000,20000,21000,21000,21000,20000,19000,19000,18000,17000,16000,15000,14000,13000,13000,12000,11000,10000,9400
Bangladesh,BGD,Children (0-14) living with HIV,SH.HIV.0014,,,,,,,,,,,,,,,,,,,,,,,,,,,,,,,100,100,100,100,100,100,100,100,100,100,100,100,100,100,100,100,200,200,200,200,200,500,500,500,500,500,500,500
Bulgaria,BGR,Children (0-14) living with HIV,SH.HIV.0014,,,,,,,,,,,,,,,,,,,,,,,,,,,,,,,,,,,,,,,,,,,,,,,,,,,,,,,,,,
Bahrain,BHR,Children (0-14) living with HIV,SH.HIV.0014,,,,,,,,,,,,,,,,,,,,,,,,,,,,,,,,,,,,,,,,,,,,,,,,,,,,,,,,,,
"Bahamas, The",BHS,Children (0-14) living with HIV,SH.HIV.0014,,,,,,,,,,,,,,,,,,,,,,,,,,,,,,,,,,,,,,,,,,,,,,,,,,,,,,,,,,
Bosnia and Herzegovina,BIH,Children (0-14) living with HIV,SH.HIV.0014,,,,,,,,,,,,,,,,,,,,,,,,,,,,,,,,,,,,,,,,,,,,,,,,,,,,,,,,,,
Belarus,BLR,Children (0-14) living with HIV,SH.HIV.0014,,,,,,,,,,,,,,,,,,,,,,,,,,,,,,,,,,,,,,,,,,,,,,,,,,,,,,,,,,
Belize,BLZ,Children (0-14) living with HIV,SH.HIV.0014,,,,,,,,,,,,,,,,,,,,,,,,,,,,,,,100,100,100,100,100,100,100,100,100,100,100,100,100,100,100,100,100,100,100,100,100,100,100,100,100,200,200,200
Bermuda,BMU,Children (0-14) living with HIV,SH.HIV.0014,,,,,,,,,,,,,,,,,,,,,,,,,,,,,,,,,,,,,,,,,,,,,,,,,,,,,,,,,,
Bolivia,BOL,Children (0-14) living with HIV,SH.HIV.0014,,,,,,,,,,,,,,,,,,,,,,,,,,,,,,,100,100,100,100,100,100,100,100,100,200,200,200,500,500,500,500,500,500,500,500,500,500,500,500,500,500,500,500
Brazil,BRA,Children (0-14) living with HIV,SH.HIV.0014,,,,,,,,,,,,,,,,,,,,,,,,,,,,,,,2000,2500,2900,3500,4100,4700,5300,5900,6500,7200,7800,8600,9500,10000,11000,12000,12000,12000,13000,13000,13000,14000,15000,15000,15000,14000,13000,13000
Barbados,BRB,Children (0-14) living with HIV,SH.HIV.0014,,,,,,,,,,,,,,,,,,,,,,,,,,,,,,,,,,,,,,,,,,,,,,,,,,,,,,,,,,
Brunei Darussalam,BRN,Children (0-14) living with HIV,SH.HIV.0014,,,,,,,,,,,,,,,,,,,,,,,,,,,,,,,,,,,,,,,,,,,,,,,,,,,,,,,,,,
Bhutan,BTN,Children (0-14) living with HIV,SH.HIV.0014,,,,,,,,,,,,,,,,,,,,,,,,,,,,,,,,,,,,,,,,,,,,,,,,,,,,,,,,,,
Botswana,BWA,Children (0-14) living with HIV,SH.HIV.0014,,,,,,,,,,,,,,,,,,,,,,,,,,,,,,,1400,2100,3100,4400,6000,7800,9800,12000,14000,16000,18000,19000,20000,20000,21000,20000,19000,19000,18000,17000,16000,15000,14000,13000,12000,11000,9800,9000
Central African Republic,CAF,Children (0-14) living with HIV,SH.HIV.0014,,,,,,,,,,,,,,,,,,,,,,,,,,,,,,,1500,2200,3200,4300,5600,7000,8400,9700,11000,12000,13000,14000,14000,15000,15000,15000,15000,14000,14000,13000,13000,12000,12000,11000,11000,9900,9300,8900
Canada,CAN,Children (0-14) living with HIV,SH.HIV.0014,,,,,,,,,,,,,,,,,,,,,,,,,,,,,,,,,,,,,,,,,,,,,,,,,,,,,,,,,,
Central Europe and the Baltics,CEB,Children (0-14) living with HIV,SH.HIV.0014,,,,,,,,,,,,,,,,,,,,,,,,,,,,,,,,,,,,,,,,,,,,,,,,,,,,,,,,,,
Switzerland,CHE,Children (0-14) living with HIV,SH.HIV.0014,,,,,,,,,,,,,,,,,,,,,,,,,,,,,,,,,,,,,,,,,,,,,,,,,,,,,,,,,,
Channel Islands,CHI,Children (0-14) living with HIV,SH.HIV.0014,,,,,,,,,,,,,,,,,,,,,,,,,,,,,,,,,,,,,,,,,,,,,,,,,,,,,,,,,,
Chile,CHL,Children (0-14) living with HIV,SH.HIV.0014,,,,,,,,,,,,,,,,,,,,,,,,,,,,,,,100,100,100,100,100,100,100,100,100,200,200,200,200,200,200,200,200,200,500,500,500,500,500,500,500,500,500,500
China,CHN,Children (0-14) living with HIV,SH.HIV.0014,,,,,,,,,,,,,,,,,,,,,,,,,,,,,,,,,,,,,,,,,,,,,,,,,,,,,,,,,,
Cote d'Ivoire,CIV,Children (0-14) living with HIV,SH.HIV.0014,,,,,,,,,,,,,,,,,,,,,,,,,,,,,,,9600,13000,17000,21000,26000,31000,36000,40000,44000,48000,51000,53000,55000,56000,57000,57000,57000,56000,54000,52000,50000,49000,47000,46000,44000,42000,40000,38000
Cameroon,CMR,Children (0-14) living with HIV,SH.HIV.0014,,,,,,,,,,,,,,,,,,,,,,,,,,,,,,,1900,2700,3800,5200,6800,8800,11000,14000,16000,19000,22000,25000,28000,31000,33000,36000,38000,40000,41000,43000,43000,43000,44000,43000,43000,42000,41000,40000
"Congo, Dem. Rep.",COD,Children (0-14) living with HIV,SH.HIV.0014,,,,,,,,,,,,,,,,,,,,,,,,,,,,,,,19000,22000,26000,30000,34000,39000,43000,47000,51000,55000,59000,63000,66000,69000,70000,72000,73000,73000,72000,72000,70000,68000,66000,63000,60000,56000,53000,51000
"Congo, Rep.",COG,Children (0-14) living with HIV,SH.HIV.0014,,,,,,,,,,,,,,,,,,,,,,,,,,,,,,,1900,2500,3100,3700,4400,5000,5500,6100,6500,6900,7300,7500,7700,7800,7900,8000,8000,8000,7900,8000,8100,8100,8300,8400,8600,8700,8900,9100
Colombia,COL,Children (0-14) living with HIV,SH.HIV.0014,,,,,,,,,,,,,,,,,,,,,,,,,,,,,,,500,790,1200,1600,2100,2500,3000,3400,3700,4000,4200,4400,4500,4600,4600,4600,4500,4300,4100,3800,3500,3200,2900,2700,2400,2200,2000,1800
Comoros,COM,Children (0-14) living with HIV,SH.HIV.0014,,,,,,,,,,,,,,,,,,,,,,,,,,,,,,,,,,,,,,,,,,,,,,,,,,,,,,,,,,
Cabo Verde,CPV,Children (0-14) living with HIV,SH.HIV.0014,,,,,,,,,,,,,,,,,,,,,,,,,,,,,,,100,100,100,100,100,100,100,100,100,100,200,200,200,200,200,200,200,200,200,200,200,200,200,100,100,100,100,100
Costa Rica,CRI,Children (0-14) living with HIV,SH.HIV.0014,,,,,,,,,,,,,,,,,,,,,,,,,,,,,,,100,100,100,100,100,100,100,100,100,100,100,100,100,100,100,100,100,100,100,100,100,100,100,100,100,100,100,100
Caribbean small states,CSS,Children (0-14) living with HIV,SH.HIV.0014,,,,,,,,,,,,,,,,,,,,,,,,,,,,,,,,,,,,,,,,,,,,,,,,,,,,,,,,,,
Cuba,CUB,Children (0-14) living with HIV,SH.HIV.0014,,,,,,,,,,,,,,,,,,,,,,,,,,,,,,,100,100,100,100,100,100,100,100,100,100,100,100,100,100,100,100,100,100,100,100,100,100,100,100,100,100,100,100
Curacao,CUW,Children (0-14) living with HIV,SH.HIV.0014,,,,,,,,,,,,,,,,,,,,,,,,,,,,,,,,,,,,,,,,,,,,,,,,,,,,,,,,,,
Cayman Islands,CYM,Children (0-14) living with HIV,SH.HIV.0014,,,,,,,,,,,,,,,,,,,,,,,,,,,,,,,,,,,,,,,,,,,,,,,,,,,,,,,,,,
Cyprus,CYP,Children (0-14) living with HIV,SH.HIV.0014,,,,,,,,,,,,,,,,,,,,,,,,,,,,,,,,,,,,,,,,,,,,,,,,,,,,,,,,,,
Czech Republic,CZE,Children (0-14) living with HIV,SH.HIV.0014,,,,,,,,,,,,,,,,,,,,,,,,,,,,,,,,,,,,,,,,,,,,,,,,,,,,,,,,,,
Germany,DEU,Children (0-14) living with HIV,SH.HIV.0014,,,,,,,,,,,,,,,,,,,,,,,,,,,,,,,,,,,,,,,,,,,,,,,,,,,,,,,,,,
Djibouti,DJI,Children (0-14) living with HIV,SH.HIV.0014,,,,,,,,,,,,,,,,,,,,,,,,,,,,,,,100,100,100,100,200,200,500,500,500,500,580,670,760,830,900,950,990,1000,1000,1000,1000,1000,990,970,930,880,830,780
Dominica,DMA,Children (0-14) living with HIV,SH.HIV.0014,,,,,,,,,,,,,,,,,,,,,,,,,,,,,,,,,,,,,,,,,,,,,,,,,,,,,,,,,,
Denmark,DNK,Children (0-14) living with HIV,SH.HIV.0014,,,,,,,,,,,,,,,,,,,,,,,,,,,,,,,,,,,,,,,,,,,,,,,,,,,,,,,,,,
Dominican Republic,DOM,Children (0-14) living with HIV,SH.HIV.0014,,,,,,,,,,,,,,,,,,,,,,,,,,,,,,,500,570,770,980,1200,1400,1600,1700,1900,2000,2200,2300,2400,2500,2500,2500,2400,2300,2200,2100,2000,1900,1800,1700,1600,1500,1400,1400
Algeria,DZA,Children (0-14) living with HIV,SH.HIV.0014,,,,,,,,,,,,,,,,,,,,,,,,,,,,,,,100,100,100,100,100,100,100,100,100,100,100,100,100,100,100,100,100,100,100,200,200,200,200,200,500,500,500,500
East Asia & Pacific (excluding high income),EAP,Children (0-14) living with HIV,SH.HIV.0014,,,,,,,,,,,,,,,,,,,,,,,,,,,,,,,,,,,,,,,,,,,,,,,,,,,,,,,,,,
Early-demographic dividend,EAR,Children (0-14) living with HIV,SH.HIV.0014,,,,,,,,,,,,,,,,,,,,,,,,,,,,,,,,,,,,,,,,,,,,,,,,,,,,,,,,,,
East Asia & Pacific,EAS,Children (0-14) living with HIV,SH.HIV.0014,,,,,,,,,,,,,,,,,,,,,,,,,,,,,,,,,,,,,,,,,,,,,,,,,,,,,,,,,,
Europe & Central Asia (excluding high income),ECA,Children (0-14) living with HIV,SH.HIV.0014,,,,,,,,,,,,,,,,,,,,,,,,,,,,,,,,,,,,,,,,,,,,,,,,,,,,,,,,,,
Europe & Central Asia,ECS,Children (0-14) living with HIV,SH.HIV.0014,,,,,,,,,,,,,,,,,,,,,,,,,,,,,,,,,,,,,,,,,,,,,,,,,,,,,,,,,,
Ecuador,ECU,Children (0-14) living with HIV,SH.HIV.0014,,,,,,,,,,,,,,,,,,,,,,,,,,,,,,,200,200,200,500,500,500,500,500,500,520,570,610,650,680,710,730,740,760,740,720,710,670,660,650,650,640,640,660
"Egypt, Arab Rep.",EGY,Children (0-14) living with HIV,SH.HIV.0014,,,,,,,,,,,,,,,,,,,,,,,,,,,,,,,100,100,100,100,100,100,100,100,100,100,100,100,100,100,100,100,100,200,200,200,200,200,200,500,500,500,500,500
Euro area,EMU,Children (0-14) living with HIV,SH.HIV.0014,,,,,,,,,,,,,,,,,,,,,,,,,,,,,,,,,,,,,,,,,,,,,,,,,,,,,,,,,,
Eritrea,ERI,Children (0-14) living with HIV,SH.HIV.0014,,,,,,,,,,,,,,,,,,,,,,,,,,,,,,,500,500,500,560,680,810,940,1100,1200,1400,1500,1600,1800,1900,1900,2000,2000,1900,1900,1800,1800,1700,1600,1600,1500,1400,1400,1300
Spain,ESP,Children (0-14) living with HIV,SH.HIV.0014,,,,,,,,,,,,,,,,,,,,,,,,,,,,,,,,,,,,,,,,,,,,,,,,,,,,,,,,,,
Estonia,EST,Children (0-14) living with HIV,SH.HIV.0014,,,,,,,,,,,,,,,,,,,,,,,,,,,,,,,,,,,,,,,,,,,,,,,,,,,,,,,,,,
Ethiopia,ETH,Children (0-14) living with HIV,SH.HIV.0014,,,,,,,,,,,,,,,,,,,,,,,,,,,,,,,25000,33000,43000,53000,64000,76000,88000,100000,110000,120000,130000,130000,140000,140000,140000,140000,130000,130000,120000,110000,110000,100000,92000,85000,78000,72000,66000,62000
European Union,EUU,Children (0-14) living with HIV,SH.HIV.0014,,,,,,,,,,,,,,,,,,,,,,,,,,,,,,,,,,,,,,,,,,,,,,,,,,,,,,,,,,
Fragile and conflict affected situations,FCS,Children (0-14) living with HIV,SH.HIV.0014,,,,,,,,,,,,,,,,,,,,,,,,,,,,,,,,,,,,,,,,,,,,,,,,,,,,,,,,,,
Finland,FIN,Children (0-14) living with HIV,SH.HIV.0014,,,,,,,,,,,,,,,,,,,,,,,,,,,,,,,,,,,,,,,,,,,,,,,,,,,,,,,,,,
Fiji,FJI,Children (0-14) living with HIV,SH.HIV.0014,,,,,,,,,,,,,,,,,,,,,,,,,,,,,,,,,,,,,,,,,,,,,,,,,,,,,,,,,,
France,FRA,Children (0-14) living with HIV,SH.HIV.0014,,,,,,,,,,,,,,,,,,,,,,,,,,,,,,,,,,,,,,,,,,,,,,,,,,,,,,,,,,
Faroe Islands,FRO,Children (0-14) living with HIV,SH.HIV.0014,,,,,,,,,,,,,,,,,,,,,,,,,,,,,,,,,,,,,,,,,,,,,,,,,,,,,,,,,,
"Micronesia, Fed. Sts.",FSM,Children (0-14) living with HIV,SH.HIV.0014,,,,,,,,,,,,,,,,,,,,,,,,,,,,,,,,,,,,,,,,,,,,,,,,,,,,,,,,,,
Gabon,GAB,Children (0-14) living with HIV,SH.HIV.0014,,,,,,,,,,,,,,,,,,,,,,,,,,,,,,,200,200,500,500,500,510,630,750,890,1000,1200,1300,1400,1600,1700,1800,1900,2000,2100,2200,2300,2400,2500,2500,2600,2700,2700,2900
United Kingdom,GBR,Children (0-14) living with HIV,SH.HIV.0014,,,,,,,,,,,,,,,,,,,,,,,,,,,,,,,,,,,,,,,,,,,,,,,,,,,,,,,,,,
Georgia,GEO,Children (0-14) living with HIV,SH.HIV.0014,,,,,,,,,,,,,,,,,,,,,,,,,,,,,,,100,100,100,100,100,100,100,100,100,100,100,100,100,100,100,100,100,100,100,100,100,100,100,100,100,100,100,100
Ghana,GHA,Children (0-14) living with HIV,SH.HIV.0014,,,,,,,,,,,,,,,,,,,,,,,,,,,,,,,3400,4400,5600,6900,8500,10000,12000,14000,16000,18000,20000,22000,23000,25000,26000,28000,29000,29000,30000,30000,31000,30000,30000,30000,30000,30000,29000,28000
Gibraltar,GIB,Children (0-14) living with HIV,SH.HIV.0014,,,,,,,,,,,,,,,,,,,,,,,,,,,,,,,,,,,,,,,,,,,,,,,,,,,,,,,,,,
Guinea,GIN,Children (0-14) living with HIV,SH.HIV.0014,,,,,,,,,,,,,,,,,,,,,,,,,,,,,,,1100,1500,2000,2600,3200,3800,4500,5100,5700,6200,6800,7200,7700,8000,8400,8600,8800,9000,9100,9200,9300,9400,9400,9100,9100,9400,9700,10000
"Gambia, The",GMB,Children (0-14) living with HIV,SH.HIV.0014,,,,,,,,,,,,,,,,,,,,,,,,,,,,,,,100,100,100,100,100,200,200,500,500,500,500,550,650,760,870,970,1100,1200,1200,1300,1400,1400,1500,1600,1600,1700,1700,1700
Guinea-Bissau,GNB,Children (0-14) living with HIV,SH.HIV.0014,,,,,,,,,,,,,,,,,,,,,,,,,,,,,,,100,200,200,500,500,500,550,710,900,1100,1300,1600,1900,2200,2400,2700,3000,3300,3500,3700,3900,4100,4200,4200,4200,4300,4200,4200
Equatorial Guinea,GNQ,Children (0-14) living with HIV,SH.HIV.0014,,,,,,,,,,,,,,,,,,,,,,,,,,,,,,,200,200,200,500,500,500,500,510,600,690,800,920,1000,1200,1300,1500,1600,1800,1900,2100,2300,2500,2700,2900,3000,3200,3200,3400
Greece,GRC,Children (0-14) living with HIV,SH.HIV.0014,,,,,,,,,,,,,,,,,,,,,,,,,,,,,,,,,,,,,,,,,,,,,,,,,,,,,,,,,,
Grenada,GRD,Children (0-14) living with HIV,SH.HIV.0014,,,,,,,,,,,,,,,,,,,,,,,,,,,,,,,,,,,,,,,,,,,,,,,,,,,,,,,,,,
Greenland,GRL,Children (0-14) living with HIV,SH.HIV.0014,,,,,,,,,,,,,,,,,,,,,,,,,,,,,,,,,,,,,,,,,,,,,,,,,,,,,,,,,,
Guatemala,GTM,Children (0-14) living with HIV,SH.HIV.0014,,,,,,,,,,,,,,,,,,,,,,,,,,,,,,,100,100,100,100,200,200,200,500,500,500,500,540,630,730,840,970,1000,1100,1200,1200,1300,1400,1500,1600,1700,1700,1800,1800
Guam,GUM,Children (0-14) living with HIV,SH.HIV.0014,,,,,,,,,,,,,,,,,,,,,,,,,,,,,,,,,,,,,,,,,,,,,,,,,,,,,,,,,,
Guyana,GUY,Children (0-14) living with HIV,SH.HIV.0014,,,,,,,,,,,,,,,,,,,,,,,,,,,,,,,100,100,100,100,100,100,100,100,100,100,100,100,200,200,200,200,200,200,200,200,500,500,500,500,500,500,500,500
High income,HIC,Children (0-14) living with HIV,SH.HIV.0014,,,,,,,,,,,,,,,,,,,,,,,,,,,,,,,,,,,,,,,,,,,,,,,,,,,,,,,,,,
"Hong Kong SAR, China",HKG,Children (0-14) living with HIV,SH.HIV.0014,,,,,,,,,,,,,,,,,,,,,,,,,,,,,,,,,,,,,,,,,,,,,,,,,,,,,,,,,,
Honduras,HND,Children (0-14) living with HIV,SH.HIV.0014,,,,,,,,,,,,,,,,,,,,,,,,,,,,,,,500,530,650,780,920,1100,1200,1300,1400,1500,1500,1600,1600,1600,1500,1500,1500,1400,1400,1300,1300,1200,1100,1100,1000,930,870,830
Heavily indebted poor countries (HIPC),HPC,Children (0-14) living with HIV,SH.HIV.0014,,,,,,,,,,,,,,,,,,,,,,,,,,,,,,,,,,,,,,,,,,,,,,,,,,,,,,,,,,
Croatia,HRV,Children (0-14) living with HIV,SH.HIV.0014,,,,,,,,,,,,,,,,,,,,,,,,,,,,,,,,,,,,,,,,,,,,,,,,,,,,,,,,,,
Haiti,HTI,Children (0-14) living with HIV,SH.HIV.0014,,,,,,,,,,,,,,,,,,,,,,,,,,,,,,,1200,1500,1900,2300,2700,3200,3700,4200,4700,5200,5600,6100,6400,6800,7100,7400,7500,7500,7600,7800,8000,8000,7900,7800,7700,7700,7700,7600
Hungary,HUN,Children (0-14) living with HIV,SH.HIV.0014,,,,,,,,,,,,,,,,,,,,,,,,,,,,,,,,,,,,,,,,,,,,,,,,,,,,,,,,,,
IBRD only,IBD,Children (0-14) living with HIV,SH.HIV.0014,,,,,,,,,,,,,,,,,,,,,,,,,,,,,,,,,,,,,,,,,,,,,,,,,,,,,,,,,,
IDA & IBRD total,IBT,Children (0-14) living with HIV,SH.HIV.0014,,,,,,,,,,,,,,,,,,,,,,,,,,,,,,,,,,,,,,,,,,,,,,,,,,,,,,,,,,
IDA total,IDA,Children (0-14) living with HIV,SH.HIV.0014,,,,,,,,,,,,,,,,,,,,,,,,,,,,,,,,,,,,,,,,,,,,,,,,,,,,,,,,,,
IDA blend,IDB,Children (0-14) living with HIV,SH.HIV.0014,,,,,,,,,,,,,,,,,,,,,,,,,,,,,,,,,,,,,,,,,,,,,,,,,,,,,,,,,,
Indonesia,IDN,Children (0-14) living with HIV,SH.HIV.0014,,,,,,,,,,,,,,,,,,,,,,,,,,,,,,,100,100,100,100,100,100,100,200,200,500,500,670,970,1400,1900,2500,3300,4100,5000,6000,7100,8300,9400,10000,11000,12000,13000,14000
IDA only,IDX,Children (0-14) living with HIV,SH.HIV.0014,,,,,,,,,,,,,,,,,,,,,,,,,,,,,,,,,,,,,,,,,,,,,,,,,,,,,,,,,,
Isle of Man,IMN,Children (0-14) living with HIV,SH.HIV.0014,,,,,,,,,,,,,,,,,,,,,,,,,,,,,,,,,,,,,,,,,,,,,,,,,,,,,,,,,,
India,IND,Children (0-14) living with HIV,SH.HIV.0014,,,,,,,,,,,,,,,,,,,,,,,,,,,,,,,3400,6100,10000,16000,25000,35000,46000,57000,67000,76000,83000,89000,95000,99000,100000,100000,100000,100000,97000,93000,88000,84000,79000,75000,71000,68000,65000,61000
Not classified,INX,Children (0-14) living with HIV,SH.HIV.0014,,,,,,,,,,,,,,,,,,,,,,,,,,,,,,,,,,,,,,,,,,,,,,,,,,,,,,,,,,
Ireland,IRL,Children (0-14) living with HIV,SH.HIV.0014,,,,,,,,,,,,,,,,,,,,,,,,,,,,,,,,,,,,,,,,,,,,,,,,,,,,,,,,,,
"Iran, Islamic Rep.",IRN,Children (0-14) living with HIV,SH.HIV.0014,,,,,,,,,,,,,,,,,,,,,,,,,,,,,,,500,500,500,500,500,500,500,500,500,500,500,500,500,500,510,520,530,550,570,600,620,650,660,680,700,700,700,700
Iraq,IRQ,Children (0-14) living with HIV,SH.HIV.0014,,,,,,,,,,,,,,,,,,,,,,,,,,,,,,,,,,,,,,,,,,,,,,,,,,,,,,,,,,
Iceland,ISL,Children (0-14) living with HIV,SH.HIV.0014,,,,,,,,,,,,,,,,,,,,,,,,,,,,,,,,,,,,,,,,,,,,,,,,,,,,,,,,,,
Israel,ISR,Children (0-14) living with HIV,SH.HIV.0014,,,,,,,,,,,,,,,,,,,,,,,,,,,,,,,,,,,,,,,,,,,,,,,,,,,,,,,,,,
Italy,ITA,Children (0-14) living with HIV,SH.HIV.0014,,,,,,,,,,,,,,,,,,,,,,,,,,,,,,,,,,,,,,,,,,,,,,,,,,,,,,,,,,
Jamaica,JAM,Children (0-14) living with HIV,SH.HIV.0014,,,,,,,,,,,,,,,,,,,,,,,,,,,,,,,200,200,500,500,500,500,500,510,570,610,650,680,700,710,710,680,630,580,540,510,500,500,500,500,500,500,500,500
Jordan,JOR,Children (0-14) living with HIV,SH.HIV.0014,,,,,,,,,,,,,,,,,,,,,,,,,,,,,,,,,,,,,,,,,,,,,,,,,,,,,,,,,,
Japan,JPN,Children (0-14) living with HIV,SH.HIV.0014,,,,,,,,,,,,,,,,,,,,,,,,,,,,,,,,,,,,,,,,,,,,,,,,,,,,,,,,,,
Kazakhstan,KAZ,Children (0-14) living with HIV,SH.HIV.0014,,,,,,,,,,,,,,,,,,,,,,,,,,,,,,,100,100,100,100,100,100,100,100,100,100,100,100,100,100,100,100,100,100,100,200,200,200,200,500,500,500,500,500
Kenya,KEN,Children (0-14) living with HIV,SH.HIV.0014,,,,,,,,,,,,,,,,,,,,,,,,,,,,,,,41000,52000,64000,77000,91000,100000,120000,130000,140000,150000,160000,170000,170000,170000,180000,170000,170000,170000,160000,150000,150000,140000,130000,130000,120000,120000,110000,110000
Kyrgyz Republic,KGZ,Children (0-14) living with HIV,SH.HIV.0014,,,,,,,,,,,,,,,,,,,,,,,,,,,,,,,100,100,100,100,100,100,100,100,100,100,100,100,100,100,100,100,100,100,100,100,100,100,100,100,200,200,200,200
Cambodia,KHM,Children (0-14) living with HIV,SH.HIV.0014,,,,,,,,,,,,,,,,,,,,,,,,,,,,,,,100,100,200,500,580,950,1400,1800,2300,2800,3200,3600,4000,4300,4500,4700,4900,5000,5100,5100,5100,4900,4700,4500,4200,3900,3600,3300
Kiribati,KIR,Children (0-14) living with HIV,SH.HIV.0014,,,,,,,,,,,,,,,,,,,,,,,,,,,,,,,,,,,,,,,,,,,,,,,,,,,,,,,,,,
St. Kitts and Nevis,KNA,Children (0-14) living with HIV,SH.HIV.0014,,,,,,,,,,,,,,,,,,,,,,,,,,,,,,,,,,,,,,,,,,,,,,,,,,,,,,,,,,
"Korea, Rep.",KOR,Children (0-14) living with HIV,SH.HIV.0014,,,,,,,,,,,,,,,,,,,,,,,,,,,,,,,,,,,,,,,,,,,,,,,,,,,,,,,,,,
Kuwait,KWT,Children (0-14) living with HIV,SH.HIV.0014,,,,,,,,,,,,,,,,,,,,,,,,,,,,,,,,,,,,,,,,,,,,,,,,,,,,,,,,,,
Latin America & Caribbean (excluding high income),LAC,Children (0-14) living with HIV,SH.HIV.0014,,,,,,,,,,,,,,,,,,,,,,,,,,,,,,,,,,,,,,,,,,,,,,,,,,,,,,,,,,
Lao PDR,LAO,Children (0-14) living with HIV,SH.HIV.0014,,,,,,,,,,,,,,,,,,,,,,,,,,,,,,,100,100,100,100,100,100,100,100,100,100,100,100,200,200,500,500,500,500,500,500,500,520,560,590,630,650,660,670
Lebanon,LBN,Children (0-14) living with HIV,SH.HIV.0014,,,,,,,,,,,,,,,,,,,,,,,,,,,,,,,,,,,,,,,,,,,,,,,,,,,,,,,,,,
Liberia,LBR,Children (0-14) living with HIV,SH.HIV.0014,,,,,,,,,,,,,,,,,,,,,,,,,,,,,,,1800,2100,2500,2800,3200,3600,4000,4600,5100,5600,6000,6200,6300,6200,6100,6000,5800,5700,5500,5300,5000,4700,4500,4300,4100,3900,3600,3300
Libya,LBY,Children (0-14) living with HIV,SH.HIV.0014,,,,,,,,,,,,,,,,,,,,,,,,,,,,,,,,,,,,,,,,,,,,,,,,,,,,,,,,,,
St. Lucia,LCA,Children (0-14) living with HIV,SH.HIV.0014,,,,,,,,,,,,,,,,,,,,,,,,,,,,,,,,,,,,,,,,,,,,,,,,,,,,,,,,,,
Latin America & Caribbean,LCN,Children (0-14) living with HIV,SH.HIV.0014,,,,,,,,,,,,,,,,,,,,,,,,,,,,,,,,,,,,,,,,,,,,,,,,,,,,,,,,,,
Least developed countries: UN classification,LDC,Children (0-14) living with HIV,SH.HIV.0014,,,,,,,,,,,,,,,,,,,,,,,,,,,,,,,,,,,,,,,,,,,,,,,,,,,,,,,,,,
Low income,LIC,Children (0-14) living with HIV,SH.HIV.0014,,,,,,,,,,,,,,,,,,,,,,,,,,,,,,,,,,,,,,,,,,,,,,,,,,,,,,,,,,
Liechtenstein,LIE,Children (0-14) living with HIV,SH.HIV.0014,,,,,,,,,,,,,,,,,,,,,,,,,,,,,,,,,,,,,,,,,,,,,,,,,,,,,,,,,,
Sri Lanka,LKA,Children (0-14) living with HIV,SH.HIV.0014,,,,,,,,,,,,,,,,,,,,,,,,,,,,,,,,,,,,,,,,,,,,,,,,,,,,,,,,,,
Lower middle income,LMC,Children (0-14) living with HIV,SH.HIV.0014,,,,,,,,,,,,,,,,,,,,,,,,,,,,,,,,,,,,,,,,,,,,,,,,,,,,,,,,,,
Low & middle income,LMY,Children (0-14) living with HIV,SH.HIV.0014,,,,,,,,,,,,,,,,,,,,,,,,,,,,,,,,,,,,,,,,,,,,,,,,,,,,,,,,,,
Lesotho,LSO,Children (0-14) living with HIV,SH.HIV.0014,,,,,,,,,,,,,,,,,,,,,,,,,,,,,,,500,500,820,1400,2100,3100,4200,5600,7000,8400,9800,11000,12000,13000,14000,15000,16000,16000,16000,16000,17000,17000,17000,17000,17000,17000,16000,16000
Late-demographic dividend,LTE,Children (0-14) living with HIV,SH.HIV.0014,,,,,,,,,,,,,,,,,,,,,,,,,,,,,,,,,,,,,,,,,,,,,,,,,,,,,,,,,,
Lithuania,LTU,Children (0-14) living with HIV,SH.HIV.0014,,,,,,,,,,,,,,,,,,,,,,,,,,,,,,,,,,,,,,,,,,,,,,,,,,,,,,,,,,
Luxembourg,LUX,Children (0-14) living with HIV,SH.HIV.0014,,,,,,,,,,,,,,,,,,,,,,,,,,,,,,,,,,,,,,,,,,,,,,,,,,,,,,,,,,
Latvia,LVA,Children (0-14) living with HIV,SH.HIV.0014,,,,,,,,,,,,,,,,,,,,,,,,,,,,,,,,,,,,,,,,,,,,,,,,,,,,,,,,,,
"Macao SAR, China",MAC,Children (0-14) living with HIV,SH.HIV.0014,,,,,,,,,,,,,,,,,,,,,,,,,,,,,,,,,,,,,,,,,,,,,,,,,,,,,,,,,,
St. Martin (French part),MAF,Children (0-14) living with HIV,SH.HIV.0014,,,,,,,,,,,,,,,,,,,,,,,,,,,,,,,,,,,,,,,,,,,,,,,,,,,,,,,,,,
Morocco,MAR,Children (0-14) living with HIV,SH.HIV.0014,,,,,,,,,,,,,,,,,,,,,,,,,,,,,,,100,100,100,100,100,200,200,200,200,200,200,200,200,500,500,500,500,500,500,500,500,500,500,500,500,500,500,500
Monaco,MCO,Children (0-14) living with HIV,SH.HIV.0014,,,,,,,,,,,,,,,,,,,,,,,,,,,,,,,,,,,,,,,,,,,,,,,,,,,,,,,,,,
Moldova,MDA,Children (0-14) living with HIV,SH.HIV.0014,,,,,,,,,,,,,,,,,,,,,,,,,,,,,,,100,100,100,100,100,100,100,100,100,100,100,100,100,100,100,100,100,100,100,100,100,100,100,100,100,100,100,100
Madagascar,MDG,Children (0-14) living with HIV,SH.HIV.0014,,,,,,,,,,,,,,,,,,,,,,,,,,,,,,,100,100,100,100,100,200,200,500,500,500,500,500,570,640,710,760,810,860,900,940,970,990,1000,1100,1100,1100,1200,1300
Maldives,MDV,Children (0-14) living with HIV,SH.HIV.0014,,,,,,,,,,,,,,,,,,,,,,,,,,,,,,,,,,,,,,,,,,,,,,,,,,,,,,,,,,
Middle East & North Africa,MEA,Children (0-14) living with HIV,SH.HIV.0014,,,,,,,,,,,,,,,,,,,,,,,,,,,,,,,,,,,,,,,,,,,,,,,,,,,,,,,,,,
Mexico,MEX,Children (0-14) living with HIV,SH.HIV.0014,,,,,,,,,,,,,,,,,,,,,,,,,,,,,,,500,500,560,670,770,860,960,1100,1200,1200,1300,1400,1500,1600,1700,1800,1800,1900,2000,2100,2200,2300,2400,2400,2500,2500,2500,2600
Marshall Islands,MHL,Children (0-14) living with HIV,SH.HIV.0014,,,,,,,,,,,,,,,,,,,,,,,,,,,,,,,,,,,,,,,,,,,,,,,,,,,,,,,,,,
Middle income,MIC,Children (0-14) living with HIV,SH.HIV.0014,,,,,,,,,,,,,,,,,,,,,,,,,,,,,,,,,,,,,,,,,,,,,,,,,,,,,,,,,,
"Macedonia, FYR",MKD,Children (0-14) living with HIV,SH.HIV.0014,,,,,,,,,,,,,,,,,,,,,,,,,,,,,,,,,,,,,,,,,,,,,,,,,,,,,,,,,,
Mali,MLI,Children (0-14) living with HIV,SH.HIV.0014,,,,,,,,,,,,,,,,,,,,,,,,,,,,,,,2000,2500,2900,3500,4000,4600,5200,5800,6400,6900,7400,7900,8400,8800,9200,9600,9900,10000,11000,11000,11000,11000,11000,12000,12000,12000,13000,13000
Malta,MLT,Children (0-14) living with HIV,SH.HIV.0014,,,,,,,,,,,,,,,,,,,,,,,,,,,,,,,,,,,,,,,,,,,,,,,,,,,,,,,,,,
Myanmar,MMR,Children (0-14) living with HIV,SH.HIV.0014,,,,,,,,,,,,,,,,,,,,,,,,,,,,,,,100,100,200,500,500,580,790,1100,1400,1800,2200,2700,3300,3900,4500,5100,5600,6000,6400,6800,7100,7400,7700,8000,8200,8300,8400,8400
Middle East & North Africa (excluding high income),MNA,Children (0-14) living with HIV,SH.HIV.0014,,,,,,,,,,,,,,,,,,,,,,,,,,,,,,,,,,,,,,,,,,,,,,,,,,,,,,,,,,
Montenegro,MNE,Children (0-14) living with HIV,SH.HIV.0014,,,,,,,,,,,,,,,,,,,,,,,,,,,,,,,,,,,,,,,,,,,,,,,,,,,,,,,,,,
Mongolia,MNG,Children (0-14) living with HIV,SH.HIV.0014,,,,,,,,,,,,,,,,,,,,,,,,,,,,,,,,,,,,,,,,,,,,,,,,,,,,,,,,,,
Northern Mariana Islands,MNP,Children (0-14) living with HIV,SH.HIV.0014,,,,,,,,,,,,,,,,,,,,,,,,,,,,,,,,,,,,,,,,,,,,,,,,,,,,,,,,,,
Mozambique,MOZ,Children (0-14) living with HIV,SH.HIV.0014,,,,,,,,,,,,,,,,,,,,,,,,,,,,,,,4100,6000,8700,12000,17000,22000,28000,35000,43000,52000,62000,72000,83000,93000,100000,110000,120000,130000,140000,140000,150000,160000,160000,170000,170000,170000,170000,170000
Mauritania,MRT,Children (0-14) living with HIV,SH.HIV.0014,,,,,,,,,,,,,,,,,,,,,,,,,,,,,,,100,100,200,200,200,500,500,500,500,500,500,500,500,530,570,600,630,650,670,690,700,700,710,720,680,660,650,650
Mauritius,MUS,Children (0-14) living with HIV,SH.HIV.0014,,,,,,,,,,,,,,,,,,,,,,,,,,,,,,,,,,,,,,,,,,,,,,,,,,,,,,,,,,
Malawi,MWI,Children (0-14) living with HIV,SH.HIV.0014,,,,,,,,,,,,,,,,,,,,,,,,,,,,,,,11000,16000,21000,27000,33000,39000,46000,52000,59000,65000,70000,75000,79000,83000,85000,87000,88000,88000,87000,87000,88000,87000,85000,82000,80000,77000,74000,71000
Malaysia,MYS,Children (0-14) living with HIV,SH.HIV.0014,,,,,,,,,,,,,,,,,,,,,,,,,,,,,,,100,100,100,200,200,200,500,500,500,500,500,500,500,510,540,570,590,600,600,590,580,560,530,510,500,500,500,500
North America,NAC,Children (0-14) living with HIV,SH.HIV.0014,,,,,,,,,,,,,,,,,,,,,,,,,,,,,,,,,,,,,,,,,,,,,,,,,,,,,,,,,,
Namibia,NAM,Children (0-14) living with HIV,SH.HIV.0014,,,,,,,,,,,,,,,,,,,,,,,,,,,,,,,510,790,1200,1700,2300,3100,4000,4900,5900,6900,7900,8800,9600,10000,11000,11000,11000,12000,12000,12000,13000,13000,13000,13000,13000,13000,13000,12000
New Caledonia,NCL,Children (0-14) living with HIV,SH.HIV.0014,,,,,,,,,,,,,,,,,,,,,,,,,,,,,,,,,,,,,,,,,,,,,,,,,,,,,,,,,,
Niger,NER,Children (0-14) living with HIV,SH.HIV.0014,,,,,,,,,,,,,,,,,,,,,,,,,,,,,,,500,500,500,630,800,990,1200,1400,1700,1900,2200,2400,2600,2900,3000,3200,3300,3400,3500,3500,3400,3300,3300,3300,3300,3300,3200,3300
Nigeria,NGA,Children (0-14) living with HIV,SH.HIV.0014,,,,,,,,,,,,,,,,,,,,,,,,,,,,,,,19000,25000,33000,41000,52000,63000,75000,88000,100000,110000,130000,140000,150000,160000,170000,180000,190000,190000,200000,200000,210000,210000,210000,210000,210000,210000,210000,220000
Nicaragua,NIC,Children (0-14) living with HIV,SH.HIV.0014,,,,,,,,,,,,,,,,,,,,,,,,,,,,,,,100,100,100,100,100,100,100,200,200,200,200,500,500,500,500,500,500,500,500,500,500,500,500,500,500,500,200,200
Netherlands,NLD,Children (0-14) living with HIV,SH.HIV.0014,,,,,,,,,,,,,,,,,,,,,,,,,,,,,,,,,,,,,,,,,,,,,,,,,,,,,,,,,,
Norway,NOR,Children (0-14) living with HIV,SH.HIV.0014,,,,,,,,,,,,,,,,,,,,,,,,,,,,,,,,,,,,,,,,,,,,,,,,,,,,,,,,,,
Nepal,NPL,Children (0-14) living with HIV,SH.HIV.0014,,,,,,,,,,,,,,,,,,,,,,,,,,,,,,,100,100,100,100,100,100,100,200,200,500,500,500,600,720,840,940,1000,1100,1200,1200,1300,1300,1300,1300,1300,1300,1200,1200
Nauru,NRU,Children (0-14) living with HIV,SH.HIV.0014,,,,,,,,,,,,,,,,,,,,,,,,,,,,,,,,,,,,,,,,,,,,,,,,,,,,,,,,,,
New Zealand,NZL,Children (0-14) living with HIV,SH.HIV.0014,,,,,,,,,,,,,,,,,,,,,,,,,,,,,,,,,,,,,,,,,,,,,,,,,,,,,,,,,,
OECD members,OED,Children (0-14) living with HIV,SH.HIV.0014,,,,,,,,,,,,,,,,,,,,,,,,,,,,,,,,,,,,,,,,,,,,,,,,,,,,,,,,,,
Oman,OMN,Children (0-14) living with HIV,SH.HIV.0014,,,,,,,,,,,,,,,,,,,,,,,,,,,,,,,,,,,,,,,,,,,,,,,,,,,,,,,,,,
Other small states,OSS,Children (0-14) living with HIV,SH.HIV.0014,,,,,,,,,,,,,,,,,,,,,,,,,,,,,,,,,,,,,,,,,,,,,,,,,,,,,,,,,,
Pakistan,PAK,Children (0-14) living with HIV,SH.HIV.0014,,,,,,,,,,,,,,,,,,,,,,,,,,,,,,,100,100,100,100,100,100,100,100,100,100,100,100,100,100,100,200,500,500,560,790,1100,1300,1700,2000,2300,2700,3100,3500
Panama,PAN,Children (0-14) living with HIV,SH.HIV.0014,,,,,,,,,,,,,,,,,,,,,,,,,,,,,,,100,100,100,100,100,200,200,200,200,200,200,200,200,500,500,500,500,500,500,500,500,500,500,500,500,500,500,500
Peru,PER,Children (0-14) living with HIV,SH.HIV.0014,,,,,,,,,,,,,,,,,,,,,,,,,,,,,,,1700,1900,2100,2300,2500,2600,2700,2800,2900,2900,2900,2800,2800,2600,2600,2500,2400,2200,2100,1900,1900,1800,1600,1500,1500,1400,1300,1200
Philippines,PHL,Children (0-14) living with HIV,SH.HIV.0014,,,,,,,,,,,,,,,,,,,,,,,,,,,,,,,100,100,100,100,100,100,100,100,100,100,100,100,100,100,100,100,200,200,200,200,200,500,500,500,500,500,500,510
Palau,PLW,Children (0-14) living with HIV,SH.HIV.0014,,,,,,,,,,,,,,,,,,,,,,,,,,,,,,,,,,,,,,,,,,,,,,,,,,,,,,,,,,
Papua New Guinea,PNG,Children (0-14) living with HIV,SH.HIV.0014,,,,,,,,,,,,,,,,,,,,,,,,,,,,,,,100,100,100,100,200,500,500,500,600,780,990,1200,1400,1700,1900,2100,2300,2500,2700,2800,3000,3100,3200,3300,3300,3300,3400,3400
Poland,POL,Children (0-14) living with HIV,SH.HIV.0014,,,,,,,,,,,,,,,,,,,,,,,,,,,,,,,,,,,,,,,,,,,,,,,,,,,,,,,,,,
Pre-demographic dividend,PRE,Children (0-14) living with HIV,SH.HIV.0014,,,,,,,,,,,,,,,,,,,,,,,,,,,,,,,,,,,,,,,,,,,,,,,,,,,,,,,,,,
Puerto Rico,PRI,Children (0-14) living with HIV,SH.HIV.0014,,,,,,,,,,,,,,,,,,,,,,,,,,,,,,,,,,,,,,,,,,,,,,,,,,,,,,,,,,
"Korea, Dem. Peopleâ€™s Rep.",PRK,Children (0-14) living with HIV,SH.HIV.0014,,,,,,,,,,,,,,,,,,,,,,,,,,,,,,,,,,,,,,,,,,,,,,,,,,,,,,,,,,
Portugal,PRT,Children (0-14) living with HIV,SH.HIV.0014,,,,,,,,,,,,,,,,,,,,,,,,,,,,,,,,,,,,,,,,,,,,,,,,,,,,,,,,,,
Paraguay,PRY,Children (0-14) living with HIV,SH.HIV.0014,,,,,,,,,,,,,,,,,,,,,,,,,,,,,,,100,100,100,100,100,100,100,100,200,200,200,200,200,500,500,500,500,500,500,500,500,500,500,500,500,500,500,500
West Bank and Gaza,PSE,Children (0-14) living with HIV,SH.HIV.0014,,,,,,,,,,,,,,,,,,,,,,,,,,,,,,,,,,,,,,,,,,,,,,,,,,,,,,,,,,
Pacific island small states,PSS,Children (0-14) living with HIV,SH.HIV.0014,,,,,,,,,,,,,,,,,,,,,,,,,,,,,,,,,,,,,,,,,,,,,,,,,,,,,,,,,,
Post-demographic dividend,PST,Children (0-14) living with HIV,SH.HIV.0014,,,,,,,,,,,,,,,,,,,,,,,,,,,,,,,,,,,,,,,,,,,,,,,,,,,,,,,,,,
French Polynesia,PYF,Children (0-14) living with HIV,SH.HIV.0014,,,,,,,,,,,,,,,,,,,,,,,,,,,,,,,,,,,,,,,,,,,,,,,,,,,,,,,,,,
Qatar,QAT,Children (0-14) living with HIV,SH.HIV.0014,,,,,,,,,,,,,,,,,,,,,,,,,,,,,,,,,,,,,,,,,,,,,,,,,,,,,,,,,,
Romania,ROU,Children (0-14) living with HIV,SH.HIV.0014,,,,,,,,,,,,,,,,,,,,,,,,,,,,,,,,,,,,,,,,,,,,,,,,,,,,,,,,,,
Russian Federation,RUS,Children (0-14) living with HIV,SH.HIV.0014,,,,,,,,,,,,,,,,,,,,,,,,,,,,,,,,,,,,,,,,,,,,,,,,,,,,,,,,,,
Rwanda,RWA,Children (0-14) living with HIV,SH.HIV.0014,,,,,,,,,,,,,,,,,,,,,,,,,,,,,,,8000,9400,11000,11000,12000,13000,14000,16000,18000,20000,22000,22000,23000,23000,22000,21000,20000,19000,18000,17000,17000,16000,15000,14000,13000,12000,11000,11000
South Asia,SAS,Children (0-14) living with HIV,SH.HIV.0014,,,,,,,,,,,,,,,,,,,,,,,,,,,,,,,,,,,,,,,,,,,,,,,,,,,,,,,,,,
Saudi Arabia,SAU,Children (0-14) living with HIV,SH.HIV.0014,,,,,,,,,,,,,,,,,,,,,,,,,,,,,,,,,,,,,,,,,,,,,,,,,,,,,,,,,,
Sudan,SDN,Children (0-14) living with HIV,SH.HIV.0014,,,,,,,,,,,,,,,,,,,,,,,,,,,,,,,100,200,200,200,500,500,500,500,520,610,710,830,950,1100,1200,1400,1500,1600,1800,1900,2000,2200,2400,2500,2600,2800,2900,3000
Senegal,SEN,Children (0-14) living with HIV,SH.HIV.0014,,,,,,,,,,,,,,,,,,,,,,,,,,,,,,,500,500,590,740,920,1100,1400,1700,2000,2400,2700,3100,3400,3800,4100,4400,4700,4900,5100,5300,5500,5700,5800,5800,5700,5600,5300,5000
Singapore,SGP,Children (0-14) living with HIV,SH.HIV.0014,,,,,,,,,,,,,,,,,,,,,,,,,,,,,,,,,,,,,,,,,,,,,,,,,,,,,,,,,,
Solomon Islands,SLB,Children (0-14) living with HIV,SH.HIV.0014,,,,,,,,,,,,,,,,,,,,,,,,,,,,,,,,,,,,,,,,,,,,,,,,,,,,,,,,,,
Sierra Leone,SLE,Children (0-14) living with HIV,SH.HIV.0014,,,,,,,,,,,,,,,,,,,,,,,,,,,,,,,200,200,200,500,500,500,520,650,800,990,1200,1500,1800,2100,2500,2900,3200,3600,4000,4400,4800,5100,5400,5600,5800,5800,5600,5500
El Salvador,SLV,Children (0-14) living with HIV,SH.HIV.0014,,,,,,,,,,,,,,,,,,,,,,,,,,,,,,,100,100,100,100,200,200,200,200,500,500,500,500,500,500,500,500,500,500,500,500,500,500,500,500,500,500,500,520
San Marino,SMR,Children (0-14) living with HIV,SH.HIV.0014,,,,,,,,,,,,,,,,,,,,,,,,,,,,,,,,,,,,,,,,,,,,,,,,,,,,,,,,,,
Somalia,SOM,Children (0-14) living with HIV,SH.HIV.0014,,,,,,,,,,,,,,,,,,,,,,,,,,,,,,,200,200,500,500,500,500,560,690,830,980,1100,1300,1400,1600,1700,1800,1800,1900,1900,1900,1900,1900,1800,1800,1700,1700,1600,1500
Serbia,SRB,Children (0-14) living with HIV,SH.HIV.0014,,,,,,,,,,,,,,,,,,,,,,,,,,,,,,,,,,,,,,,,,,,,,,,,,,,,,,,,,,
Sub-Saharan Africa (excluding high income),SSA,Children (0-14) living with HIV,SH.HIV.0014,,,,,,,,,,,,,,,,,,,,,,,,,,,,,,,,,,,,,,,,,,,,,,,,,,,,,,,,,,
South Sudan,SSD,Children (0-14) living with HIV,SH.HIV.0014,,,,,,,,,,,,,,,,,,,,,,,,,,,,,,,500,500,500,620,850,1100,1500,2000,2600,3200,4000,4700,5600,6400,7300,8100,9000,9900,11000,12000,12000,13000,13000,13000,14000,14000,14000,13000
Sub-Saharan Africa,SSF,Children (0-14) living with HIV,SH.HIV.0014,,,,,,,,,,,,,,,,,,,,,,,,,,,,,,,,,,,,,,,,,,,,,,,,,,,,,,,,,,
Small states,SST,Children (0-14) living with HIV,SH.HIV.0014,,,,,,,,,,,,,,,,,,,,,,,,,,,,,,,,,,,,,,,,,,,,,,,,,,,,,,,,,,
Sao Tome and Principe,STP,Children (0-14) living with HIV,SH.HIV.0014,,,,,,,,,,,,,,,,,,,,,,,,,,,,,,,,,,,,,,,,,,,,,,,,,,,,,,,,,,
Suriname,SUR,Children (0-14) living with HIV,SH.HIV.0014,,,,,,,,,,,,,,,,,,,,,,,,,,,,,,,100,100,100,100,100,100,100,100,100,100,100,100,100,100,100,100,100,100,100,100,100,100,100,100,100,100,100,100
Slovak Republic,SVK,Children (0-14) living with HIV,SH.HIV.0014,,,,,,,,,,,,,,,,,,,,,,,,,,,,,,,,,,,,,,,,,,,,,,,,,,,,,,,,,,
Slovenia,SVN,Children (0-14) living with HIV,SH.HIV.0014,,,,,,,,,,,,,,,,,,,,,,,,,,,,,,,,,,,,,,,,,,,,,,,,,,,,,,,,,,
Sweden,SWE,Children (0-14) living with HIV,SH.HIV.0014,,,,,,,,,,,,,,,,,,,,,,,,,,,,,,,,,,,,,,,,,,,,,,,,,,,,,,,,,,
Eswatini,SWZ,Children (0-14) living with HIV,SH.HIV.0014,,,,,,,,,,,,,,,,,,,,,,,,,,,,,,,200,500,590,1000,1700,2500,3400,4400,5400,6400,7300,8300,9200,10000,11000,12000,12000,13000,13000,13000,13000,13000,14000,14000,14000,14000,14000,13000
Sint Maarten (Dutch part),SXM,Children (0-14) living with HIV,SH.HIV.0014,,,,,,,,,,,,,,,,,,,,,,,,,,,,,,,,,,,,,,,,,,,,,,,,,,,,,,,,,,
Seychelles,SYC,Children (0-14) living with HIV,SH.HIV.0014,,,,,,,,,,,,,,,,,,,,,,,,,,,,,,,,,,,,,,,,,,,,,,,,,,,,,,,,,,
Syrian Arab Republic,SYR,Children (0-14) living with HIV,SH.HIV.0014,,,,,,,,,,,,,,,,,,,,,,,,,,,,,,,,,,,,,,,,,,,,,,,,,,,,,,,,,,
Turks and Caicos Islands,TCA,Children (0-14) living with HIV,SH.HIV.0014,,,,,,,,,,,,,,,,,,,,,,,,,,,,,,,,,,,,,,,,,,,,,,,,,,,,,,,,,,
Chad,TCD,Children (0-14) living with HIV,SH.HIV.0014,,,,,,,,,,,,,,,,,,,,,,,,,,,,,,,1600,2000,2600,3200,3900,4600,5400,6200,7000,7900,8700,9400,10000,11000,11000,12000,13000,13000,14000,14000,14000,14000,13000,13000,13000,12000,12000,12000
East Asia & Pacific (IDA & IBRD countries),TEA,Children (0-14) living with HIV,SH.HIV.0014,,,,,,,,,,,,,,,,,,,,,,,,,,,,,,,,,,,,,,,,,,,,,,,,,,,,,,,,,,
Europe & Central Asia (IDA & IBRD countries),TEC,Children (0-14) living with HIV,SH.HIV.0014,,,,,,,,,,,,,,,,,,,,,,,,,,,,,,,,,,,,,,,,,,,,,,,,,,,,,,,,,,
Togo,TGO,Children (0-14) living with HIV,SH.HIV.0014,,,,,,,,,,,,,,,,,,,,,,,,,,,,,,,1000,1300,1700,2200,2800,3400,4200,5000,5800,6700,7700,8600,9600,10000,11000,12000,13000,13000,14000,14000,14000,14000,14000,14000,14000,13000,13000,12000
Thailand,THA,Children (0-14) living with HIV,SH.HIV.0014,,,,,,,,,,,,,,,,,,,,,,,,,,,,,,,530,1300,2400,3700,5000,6400,7700,8900,10000,11000,12000,12000,13000,13000,13000,12000,12000,11000,11000,9800,9000,8300,7500,6600,5700,4900,4100,3400
Tajikistan,TJK,Children (0-14) living with HIV,SH.HIV.0014,,,,,,,,,,,,,,,,,,,,,,,,,,,,,,,100,100,100,100,100,100,100,100,100,100,100,100,100,100,100,100,200,200,200,200,200,500,500,500,500,500,500,500
Turkmenistan,TKM,Children (0-14) living with HIV,SH.HIV.0014,,,,,,,,,,,,,,,,,,,,,,,,,,,,,,,,,,,,,,,,,,,,,,,,,,,,,,,,,,
Latin America & the Caribbean (IDA & IBRD countries),TLA,Children (0-14) living with HIV,SH.HIV.0014,,,,,,,,,,,,,,,,,,,,,,,,,,,,,,,,,,,,,,,,,,,,,,,,,,,,,,,,,,
Timor-Leste,TLS,Children (0-14) living with HIV,SH.HIV.0014,,,,,,,,,,,,,,,,,,,,,,,,,,,,,,,,,,,,,,,,,,,,,,,,,,,,,,,,,,
Middle East & North Africa (IDA & IBRD countries),TMN,Children (0-14) living with HIV,SH.HIV.0014,,,,,,,,,,,,,,,,,,,,,,,,,,,,,,,,,,,,,,,,,,,,,,,,,,,,,,,,,,
Tonga,TON,Children (0-14) living with HIV,SH.HIV.0014,,,,,,,,,,,,,,,,,,,,,,,,,,,,,,,,,,,,,,,,,,,,,,,,,,,,,,,,,,
South Asia (IDA & IBRD),TSA,Children (0-14) living with HIV,SH.HIV.0014,,,,,,,,,,,,,,,,,,,,,,,,,,,,,,,,,,,,,,,,,,,,,,,,,,,,,,,,,,
Sub-Saharan Africa (IDA & IBRD countries),TSS,Children (0-14) living with HIV,SH.HIV.0014,,,,,,,,,,,,,,,,,,,,,,,,,,,,,,,,,,,,,,,,,,,,,,,,,,,,,,,,,,
Trinidad and Tobago,TTO,Children (0-14) living with HIV,SH.HIV.0014,,,,,,,,,,,,,,,,,,,,,,,,,,,,,,,100,100,100,100,100,100,200,200,200,200,200,200,200,200,200,200,200,200,200,200,200,200,200,200,200,200,200,200
Tunisia,TUN,Children (0-14) living with HIV,SH.HIV.0014,,,,,,,,,,,,,,,,,,,,,,,,,,,,,,,100,100,100,100,100,100,100,100,100,100,100,100,100,100,100,100,100,100,100,100,100,100,100,100,100,100,100,100
Turkey,TUR,Children (0-14) living with HIV,SH.HIV.0014,,,,,,,,,,,,,,,,,,,,,,,,,,,,,,,,,,,,,,,,,,,,,,,,,,,,,,,,,,
Tuvalu,TUV,Children (0-14) living with HIV,SH.HIV.0014,,,,,,,,,,,,,,,,,,,,,,,,,,,,,,,,,,,,,,,,,,,,,,,,,,,,,,,,,,
Tanzania,TZA,Children (0-14) living with HIV,SH.HIV.0014,,,,,,,,,,,,,,,,,,,,,,,,,,,,,,,25000,33000,41000,51000,61000,71000,82000,92000,100000,110000,120000,120000,130000,140000,140000,140000,140000,140000,140000,140000,140000,130000,130000,130000,120000,120000,120000,120000
Uganda,UGA,Children (0-14) living with HIV,SH.HIV.0014,,,,,,,,,,,,,,,,,,,,,,,,,,,,,,,62000,69000,76000,83000,89000,94000,98000,100000,100000,100000,100000,100000,100000,100000,100000,100000,100000,100000,100000,100000,100000,110000,100000,100000,100000,98000,97000,95000
Ukraine,UKR,Children (0-14) living with HIV,SH.HIV.0014,,,,,,,,,,,,,,,,,,,,,,,,,,,,,,,100,100,100,100,200,500,500,670,900,1200,1400,1600,1900,2200,2400,2700,3000,3400,3500,3700,4000,4200,4500,4700,4800,5000,5000,5000
Upper middle income,UMC,Children (0-14) living with HIV,SH.HIV.0014,,,,,,,,,,,,,,,,,,,,,,,,,,,,,,,,,,,,,,,,,,,,,,,,,,,,,,,,,,
Uruguay,URY,Children (0-14) living with HIV,SH.HIV.0014,,,,,,,,,,,,,,,,,,,,,,,,,,,,,,,100,100,100,100,100,100,100,100,100,200,200,200,200,200,200,200,200,200,200,200,200,200,200,200,200,200,100,100
United States,USA,Children (0-14) living with HIV,SH.HIV.0014,,,,,,,,,,,,,,,,,,,,,,,,,,,,,,,,,,,,,,,,,,,,,,,,,,,,,,,,,,
Uzbekistan,UZB,Children (0-14) living with HIV,SH.HIV.0014,,,,,,,,,,,,,,,,,,,,,,,,,,,,,,,,,,,,,,,,,,,,,,,,,,,,,,,,,,
St. Vincent and the Grenadines,VCT,Children (0-14) living with HIV,SH.HIV.0014,,,,,,,,,,,,,,,,,,,,,,,,,,,,,,,,,,,,,,,,,,,,,,,,,,,,,,,,,,
"Venezuela, RB",VEN,Children (0-14) living with HIV,SH.HIV.0014,,,,,,,,,,,,,,,,,,,,,,,,,,,,,,,,,,,,,,,,,,,,,,,,,,,,,,,,,,
British Virgin Islands,VGB,Children (0-14) living with HIV,SH.HIV.0014,,,,,,,,,,,,,,,,,,,,,,,,,,,,,,,,,,,,,,,,,,,,,,,,,,,,,,,,,,
Virgin Islands (U.S.),VIR,Children (0-14) living with HIV,SH.HIV.0014,,,,,,,,,,,,,,,,,,,,,,,,,,,,,,,,,,,,,,,,,,,,,,,,,,,,,,,,,,
Vietnam,VNM,Children (0-14) living with HIV,SH.HIV.0014,,,,,,,,,,,,,,,,,,,,,,,,,,,,,,,100,100,100,100,100,200,500,500,500,680,930,1200,1500,1900,2300,2600,2900,3200,3400,3700,4100,4400,4700,5000,5200,5400,5500,5400
Vanuatu,VUT,Children (0-14) living with HIV,SH.HIV.0014,,,,,,,,,,,,,,,,,,,,,,,,,,,,,,,,,,,,,,,,,,,,,,,,,,,,,,,,,,
World,WLD,Children (0-14) living with HIV,SH.HIV.0014,,,,,,,,,,,,,,,,,,,,,,,,,,,,,,,320000,410000,510000,630000,760000,900000,1000000,1200000,1300000,1500000,1600000,1700000,1800000,1900000,2000000,2100000,2100000,2100000,2100000,2100000,2100000,2100000,2000000,2000000,2000000,1900000,1900000,1800000
Samoa,WSM,Children (0-14) living with HIV,SH.HIV.0014,,,,,,,,,,,,,,,,,,,,,,,,,,,,,,,,,,,,,,,,,,,,,,,,,,,,,,,,,,
Kosovo,XKX,Children (0-14) living with HIV,SH.HIV.0014,,,,,,,,,,,,,,,,,,,,,,,,,,,,,,,,,,,,,,,,,,,,,,,,,,,,,,,,,,
"Yemen, Rep.",YEM,Children (0-14) living with HIV,SH.HIV.0014,,,,,,,,,,,,,,,,,,,,,,,,,,,,,,,,,,,,,,,,,,,,,,,,,,,,,,,,,,
South Africa,ZAF,Children (0-14) living with HIV,SH.HIV.0014,,,,,,,,,,,,,,,,,,,,,,,,,,,,,,,3400,6100,11000,18000,29000,43000,61000,82000,110000,130000,160000,180000,210000,240000,260000,280000,300000,320000,340000,340000,340000,330000,330000,330000,320000,310000,300000,280000
Zambia,ZMB,Children (0-14) living with HIV,SH.HIV.0014,,,,,,,,,,,,,,,,,,,,,,,,,,,,,,,15000,20000,26000,32000,39000,46000,53000,60000,66000,72000,78000,82000,86000,89000,90000,90000,89000,88000,85000,83000,81000,80000,79000,78000,77000,75000,73000,72000
Zimbabwe,ZWE,Children (0-14) living with HIV,SH.HIV.0014,,,,,,,,,,,,,,,,,,,,,,,,,,,,,,,29000,39000,50000,62000,73000,86000,97000,110000,120000,120000,130000,130000,140000,140000,130000,130000,130000,120000,120000,120000,110000,110000,100000,96000,90000,85000,81000,77000
